{"cameraMode":{"drawMode":0,"name":"Shaded","section":"Shading Mode"},"sceneLighting":false,"audioPlay":false,"sceneViewState":{"showFog":true,"showMaterialUpdate":false,"showSkybox":true,"showFlares":true,"showImageEffects":true,"showParticleSystems":true},"in2DMode":false,"pivot":{"x":-19.915822982788087,"y":13.278876304626465,"z":-21.005704879760743},"rotation":{"x":0.16690516471862794,"y":-0.7201024293899536,"z":0.18564489483833314,"w":0.6474109888076782},"size":22.46339225769043,"orthographic":false}